{"cameraMode":{"drawMode":0,"name":"Shaded","section":"Shading Mode"},"sceneLighting":false,"audioPlay":false,"sceneViewState":{"showFog":true,"showMaterialUpdate":false,"showSkybox":false,"showFlares":true,"showImageEffects":true,"showParticleSystems":true},"in2DMode":false,"pivot":{"x":-42.45719528198242,"y":3.1435470581054689,"z":107.57608795166016},"rotation":{"x":0.17671330273151399,"y":0.669090747833252,"z":-0.16842636466026307,"w":0.701960027217865},"size":12.500103950500489,"orthographic":false}