{"cameraMode":{"drawMode":0,"name":"Shaded","section":"Shading Mode"},"sceneLighting":false,"audioPlay":false,"sceneViewState":{"showFog":true,"showMaterialUpdate":false,"showSkybox":false,"showFlares":true,"showImageEffects":true,"showParticleSystems":true},"in2DMode":false,"pivot":{"x":258.153564453125,"y":26.85245132446289,"z":55.1442985534668},"rotation":{"x":0.034641217440366748,"y":-0.8752431869506836,"z":0.4782719612121582,"w":0.06339874863624573},"size":12.491477966308594,"orthographic":false}